{"cameraMode":{"drawMode":0,"name":"Shaded","section":"Shading Mode"},"sceneLighting":true,"audioPlay":false,"sceneViewState":{"m_AlwaysRefresh":false,"showFog":true,"showSkybox":true,"showFlares":true,"showImageEffects":true,"showParticleSystems":true,"showVisualEffectGraphs":true,"m_FxEnabled":true},"in2DMode":false,"pivot":{"x":-0.480660080909729,"y":-0.013846635818481446,"z":0.0020578280091285707},"rotation":{"x":0.3576899468898773,"y":-0.6353762745857239,"z":0.4587557911872864,"w":0.5090165734291077},"size":0.595249354839325,"orthographic":true}