{"cameraMode":{"drawMode":0,"name":"Shaded","section":"Shading Mode"},"sceneLighting":true,"audioPlay":false,"sceneViewState":{"m_AlwaysRefresh":false,"showFog":true,"showSkybox":true,"showFlares":true,"showImageEffects":true,"showParticleSystems":true,"showVisualEffectGraphs":true,"m_FxEnabled":true},"in2DMode":false,"pivot":{"x":-0.5611485838890076,"y":0.0066441744565963749,"z":0.16080081462860108},"rotation":{"x":0.20100805163383485,"y":-0.6944569945335388,"z":0.22391557693481446,"w":0.654418408870697},"size":0.38751667737960818,"orthographic":true}