{"cameraMode":{"drawMode":0,"name":"Shaded","section":"Shading Mode"},"sceneLighting":true,"audioPlay":false,"sceneViewState":{"m_AlwaysRefresh":false,"showFog":true,"showSkybox":true,"showFlares":true,"showImageEffects":true,"showParticleSystems":true,"showVisualEffectGraphs":true,"m_FxEnabled":true},"in2DMode":false,"pivot":{"x":-0.5244673490524292,"y":0.023304004222154619,"z":0.03768520429730415},"rotation":{"x":0.17703896760940553,"y":-0.6491607427597046,"z":0.1687886118888855,"w":0.7209551930427551},"size":0.5685069561004639,"orthographic":true}